pos_x,pos_y,rotation,side,designator,mpn,pack,footprint,value,mount_type
135.02,-89.26,0.0,top,AE1,2450AT18A100E,,ANT-SMD_L3.2-W1.6,2450AT18A100E,smt
122.71,-82.83,90.0,top,C1,GRM033R61A225KE47D,,C0201,2.2uF,smt
119.66,-82.17,0.0,top,C10,GRM033R61A225KE47D,,C0201,2.2uF,smt
123.46,-82.87,90.0,top,C11,GJM0335C1E2R2WB01D,,C0201,2.2pF,smt
131.02,-87.13,0.0,top,C12,GJM0335C1E1R0WB01D,,C0201,1.0pF,smt
128.57,-88.31,-90.0,top,C13,GJM0335C1ER30WB01D,,C0201,0.3pF,smt
104.01,-78.16,-90.0,top,C14,CC0603KRX7R9BB104,,C0603,100nF,smt
129.27,-85.22,-90.0,top,C15,CC0603KRX7R9BB104,,C0603,100nF,smt
97.75,-90.55,-90.0,top,C16,CC0603MRX5R8BB106,,C0603,10uF,smt
104.75,-82.47,-90.0,top,C17,CL21A106KAYNNNE,,C0805,10uF,smt
100.63,-85.23,90.0,top,C18,CL21A106KAYNNNE,,C0805,10uF,smt
111.37,-84.94,-90.0,top,C19,CL05A105KO5NNNC,,C0402,1uF,smt
126.92,-77.76,90.0,top,C2,CL31A476MPHNNNE,,C1206,47uF,smt
101.62,-90.35,-90.0,top,C20,CL21A106KAYNNNE,,C0805,10uF,smt
99.48,-90.31,-90.0,top,C22,CL21A106KAYNNNE,,C0805,10uF,smt
104.1,-92.83,0.0,top,C26,CC0603KRX7R9BB104,,C0603,100nF,smt
116.33,-73.96,90.0,top,C27,CL21A106KAYNNNE,,C0805,10uF,smt
121.78,-70.98,90.0,top,C28,CC0603KRX7R9BB104,,C0603,100nF,smt
113.19,-89.56,90.0,top,C3,CL10A225KB8NNNC,,C0603,2.2uF,smt
111.88,-87.14,180.0,top,C4,CL05A105KO5NNNC,,C0402,1uF,smt
126.94,-88.35,90.0,top,C5,GJM0335C1E2R0WB01D,,C0201,2.0pF,smt
114.72,-89.86,90.0,top,C6,CC0603KRX7R9BB104,,C0603,100nF,smt
114.89,-86.67,-90.0,top,C7,CL21A106KAYNNNE,,C0805,10uF,smt
125.6,-88.36,90.0,top,C8,GJM0335C1E1R5WB01D,,C0201,1.5pF,smt
122.01,-82.76,90.0,top,C9,GCM155R71H103KA55D,,C0402,10nF,smt
108.22,-98.76,0.0,top,CN1,SM04B-SRSS-TB(LF)(SN),,CONN-SMD_4P-P1.00_SM04B-SRSS-TB-LF-SN,SM04B-SRSS-TB,smt
123.38,-77.92,90.0,top,D1,SS14,,SMA_L4.3-W2.6-LS5.2-RD,SS14_C83852,smt
119.91,-77.07,-90.0,top,D2,SS14,,SMA_L4.3-W2.6-LS5.2-RD,SS14_C83852,smt
121.18,-99.525,0.0,top,J2,,,Tag-Connect_TC2030-IDC-NL_2x03_P1.27mm_Vertical,TC2030,tht
97.48,-74.8,-90.0,top,J3,,,USB_C_Receptacle_HRO_TYPE-C-31-M-12,USB_C_Receptacle_PowerOnly_6P,smt
116.42,-78.135,90.0,top,L1,SDFL2012S100KTF,,L0805,10uh,smt
103.37,-82.77,-90.0,top,L10,LSCNB1608HKT2R2MD,,L0603,2.2uH,tht
132.62,-87.41,90.0,top,L2,LQP03HQ2N7B02D,,L0201,2.7nH,tht
131.96,-87.4,90.0,top,L3,LQP03HQ3N9B02D,,L0201,3.9nH,tht
121.08,-82.71,-90.0,top,L4,CBG100505U121T,,L0402,CBG100505U121T,smt
124.95,-87.51,0.0,top,L5,LQP03HQ2N7B02D,,L0201,2.7nH,tht
126.28,-87.51,0.0,top,L6,LQP03HQ3N5B02D,,L0201,3.5nH,tht
119.15,-83.3,0.0,top,L7,LQM18PH4R7MFRL,,L0603,4.7uH,tht
127.68,-87.53,0.0,top,L8,LQP03HQ3N5B02D,,L0201,3.5nH,tht
99.06,-84.94,90.0,top,L9,LSCNB1608HKT2R2MD,,L0603,2.2uH,tht
111.04,-82.757544,90.0,top,LED1,SML-P12MTT86R,,LED-SMD_L1.0-W0.6-RD_SML-P12YTT86RR,SML-P12MTT86R,tht
104.25,-74.04,-90.0,top,R1,,,R0402,5.1k,smt
111.96,-92.91,180.0,top,R10,FRC0603F1503TS,,R0603,150k,smt
129.59,-87.52,90.0,top,R11,FM8625H,,DFN-6_L1.1-W0.7-P0.40-BL,FM8625H,smt
107.7,-92.75,-90.0,top,R13,,,R_0402_1005Metric,4.7k,smt
106.11,-92.36,-90.0,top,R14,,,R_0402_1005Metric,4.7k,smt
109.76,-82.72,90.0,top,R15,,,R_0402_1005Metric,560,smt
104.26,-75.95,90.0,top,R2,,,R0402,5.1k,smt
133.76,-72.92,-90.0,top,R3,1206W4F1003T5E,,R1206,100k,smt
116.83,-70.37,0.0,top,R4,,,R_0402_1005Metric,3.3M,smt
119.31,-70.39,0.0,top,R5,,,R_0402_1005Metric,1M,smt
129.85,-76.18,90.0,top,R6,,,R_0402_1005Metric,3.01M,smt
131.17,-76.17,-90.0,top,R7,,,R_0402_1005Metric,1M,smt
110.96,-88.89,0.0,top,R8,,,R_0402_1005Metric,10k,smt
112.3,-91.49,180.0,top,R9,FRC0603F4702TS,,R0603,47k,smt
130.8,-91.37,180.0,top,RF1,ECT818000500,,ANT-SMD_ECT818000500,ECT818000500,smt
120.31,-87.7075,0.0,top,U1,,,QFN-40-1EP_5x5mm_P0.4mm_EP3.6x3.6mm_ThermalVias,nRF54L15-QDXX,smt
106.54,-87.56,0.0,top,U2,,,QFN-32-1EP_5x5mm_P0.5mm_EP3.6x3.6mm_ThermalVias,nPM1300-QEXX,smt
127.51,-72.38,-90.0,top,U3,SPV1040T,,TSSOP-8_L4.4-W3.0-P0.65-LS6.4-BL,SPV1040T,smt
100.42,-97.5,90.0,top,U4,S2B-PH-K-S-GW,,CONN-TH_S2B-PH-K-S-GW,S2B-PH-K-S-GW,tht
110.8425,-74.6175,0.0,top,U5,S2B-PH-K-S-GW,,CONN-TH_S2B-PH-K-S-GW,S2B-PH-K-S-GW,tht
125.6,-85.19,0.0,top,X1,XL7EL89CKI-111YLC-32M,,CRYSTAL-SMD_4P-L2.0-W1.6-BL,XL7EL89CKI-111YLC-32M,smt
